{
  "name": "udaspicelatte",
  "version": "0.0.1",
  "author": "Ionic Framework",
  "homepage": "https://ionicframework.com/",
  "scripts": {
    "ng": "ng",
    "start": "ng serve",
    "build": "ng build",
    "test": "ng test",
    "lint": "ng lint",
    "e2e": "ng e2e"
  },
  "private": true,
  "dependencies": {
    "@angular/common": "^7.2.2",
    "@angular/core": "^7.2.2",
    "@angular/forms": "^7.2.2",
    "@angular/http": "^7.2.2",
    "@angular/platform-browser": "^7.2.2",
    "@angular/platform-browser-dynamic": "^7.2.2",
    "@angular/router": "^7.2.2",
    "@auth0/angular-jwt": "^2.1.0",
    "@ionic-native/core": "^5.0.0",
    "@ionic-native/splash-screen": "^5.0.0",
    "@ionic-native/status-bar": "^5.0.0",
    "@ionic/angular": "^4.1.0",
    "core-js": "^2.5.4",
    "jwt-decode": "^2.2.0",
    "lodash": "^4.17.20",
    "rxjs": "~6.5.1",
    "tslib": "^1.9.0",
    "zone.js": "~0.8.29"
  },
  "devDependencies": {
    "@angular-devkit/architect": "^0.1001.7",
    "@angular-devkit/build-angular": "^0.1001.7",
    "@angular-devkit/core": "~7.3.8",
    "@angular-devkit/schematics": "~7.3.8",
    "@angular/cli": "~7.3.8",
    "@angular/compiler": "~7.2.2",
    "@angular/compiler-cli": "~7.2.2",
    "@angular/language-service": "~7.2.2",
    "@ionic/angular-toolkit": "~1.5.1",
    "@types/jasmine": "~2.8.8",
    "@types/jasminewd2": "~2.0.3",
    "@types/node": "~12.0.0",
    "codelyzer": "~4.5.0",
    "jasmine-core": "~2.99.1",
    "jasmine-spec-reporter": "~4.2.1",
    "karma": "~4.1.0",
    "karma-chrome-launcher": "~2.2.0",
    "karma-coverage-istanbul-reporter": "~2.0.1",
    "karma-jasmine": "~1.1.2",
    "karma-jasmine-html-reporter": "^0.2.2",
    "protractor": "~5.4.0",
    "ts-node": "~8.1.0",
    "tslint": "~5.16.0",
    "typescript": "~3.1.6"
  },
  "description": "An Ionic project"
}
